pos	type	size	class	genes	gt_id	dotplot
1574883	DEL	191	intron	Os01g0128400|.	DEL_6	bio_align/validation_samples/azucena/Azucena_DEL_6.png
1603059	DEL	153	intron	Os01g0128800|OsNTMC2T3	DEL_7	bio_align/validation_samples/azucena/Azucena_DEL_7.png
2455530	INS	5097	intron	Os01g0145600|.	INS_15	bio_align/validation_samples/azucena/Azucena_INS_15.png
2896755	INS	351	promoter	Os01g0153800|.	INS_21	bio_align/validation_samples/azucena/Azucena_INS_21.png
4338962	DEL	224	promoter	Os01g0182600|GI	DEL_28	bio_align/validation_samples/azucena/Azucena_DEL_28.png
5272517	DEL	242	intron	Os01g0197700|Gn1a	DEL_34	bio_align/validation_samples/azucena/Azucena_DEL_34.png
13559461	DEL	337	promoter	Os01g0343200|.	DEL_53	bio_align/validation_samples/azucena/Azucena_DEL_53.png
13839485	INS	1185	promoter	Os01g0347500|.	DUP_269	bio_align/validation_samples/azucena/Azucena_DUP_269.png
13843630	DEL	12499	exon/UTR	Os01g0347600|.	INV_162	bio_align/validation_samples/azucena/Azucena_INV_162.png
17395140	INS	528	intron	Os01g0502400|.	INS_58	bio_align/validation_round2/azucena/Azucena_INS_58.png
22947993	INS	222	promoter	Os01g0588800|.	INS_62	bio_align/validation_samples/azucena/Azucena_INS_62.png
23112738	INS	222	exon/UTR	Os01g0591500|.	INS_64	bio_align/validation_samples/azucena/Azucena_INS_64.png
23323160	DEL	328	promoter	ENSRNA049471602|Plant_SRP;Os01g0595201|.	INV_167	bio_align/validation_samples/azucena/Azucena_INV_167.png
23332546	DEL	433	promoter	Os01g0595400|.	DEL_66	bio_align/validation_samples/azucena/Azucena_DEL_66.png
23616843	INS	746	promoter	Os01g0601000|OsEnS-10	INS_70	bio_align/validation_round2/azucena/Azucena_INS_70.png
25300031	DEL	80	promoter	Os01g0632100|.	DUP_379	bio_align/validation_round2/azucena/Azucena_DUP_379.png
26248913	INS	234	promoter	Os01g0650200|OsGELP21	INS_92	bio_align/validation_samples/azucena/Azucena_INS_92.png
28040433	DEL	984	intron	Os01g0681000|.	DEL_100	bio_align/validation_samples/azucena/Azucena_DEL_100.png
29598249	DEL	541	promoter	Os01g0712500|.;Os01g0712501|.	DEL_105	bio_align/validation_round2/azucena/Azucena_DEL_105.png
30896892	INS	102	promoter	Os01g0739700|.	INS_112	bio_align/validation_samples/azucena/Azucena_INS_112.png
31454700	INS	259	intron	Os01g0750500|.	INS_113	bio_align/validation_samples/azucena/Azucena_INS_113.png
31627543	DEL	284	promoter	Os01g0753800|.	DEL_117	bio_align/validation_samples/azucena/Azucena_DEL_117.png
32480596	DEL	281	promoter	Os01g0770000|.	DEL_126	bio_align/validation_samples/azucena/Azucena_DEL_126.png
35429412	INS	15143	promoter	Os01g0828100|OsCCR6	INS_134	bio_align/validation_samples/azucena/Azucena_INS_134.png
42355252	DEL	1014	exon/UTR	Os01g0960500|.	DEL_148	bio_align/validation_samples/azucena/Azucena_DEL_148.png
