sample	chrom	pos	type	size	class	genes	gt_id	dotplot
IR-64	1	2752345	DEL	933	CDS(coding)	Os01g0150900|.	DEL_28	bio_align/validation_samples/ir64/IR64_DEL_28.png
IR-64	1	37860628	INS	2832	CDS(coding)	Os01g0872900|.;Os01g0873000|.	INV_465	bio_align/validation_samples/ir64/IR64_INV_465.png
IR-64	1	39323262	DEL	3562	CDS(coding)	Os01g0903100|.	INV_467	bio_align/validation_samples/ir64/IR64_INV_467.png
Azucena	1	13843630	DEL	12499	exon/UTR	Os01g0347600|.	INV_162	bio_align/validation_samples/azucena/Azucena_INV_162.png
Azucena	1	23112738	INS	222	exon/UTR	Os01g0591500|.	INS_64	bio_align/validation_samples/azucena/Azucena_INS_64.png
Azucena	1	42355252	DEL	1014	exon/UTR	Os01g0960500|.	DEL_148	bio_align/validation_samples/azucena/Azucena_DEL_148.png
IR-64	1	9895151	INS	327	exon/UTR	Os01g0279400|OsZIFL2;Os01g0279500|.	INS_98	bio_align/validation_round2/ir64/IR64_INS_98.png
IR-64	1	16056227	DEL	1828	exon/UTR	Os01g0383700|OsWD40-14	DEL_171	NOT_GENERATED
IR-64	1	23502318	DEL	6421	exon/UTR	Os01g0598200|OsCBL5	DUP_1094	bio_align/validation_samples/ir64/IR64_DUP_1094.png
IR-64	1	32683886	INS	237	exon/UTR	Os01g0773350|.	INS_346	bio_align/validation_round2/ir64/IR64_INS_346.png
Azucena	1	1574883	DEL	191	intron	Os01g0128400|.	DEL_6	bio_align/validation_samples/azucena/Azucena_DEL_6.png
Azucena	1	1603059	DEL	153	intron	Os01g0128800|OsNTMC2T3	DEL_7	bio_align/validation_samples/azucena/Azucena_DEL_7.png
Azucena	1	2455530	INS	5097	intron	Os01g0145600|.	INS_15	bio_align/validation_samples/azucena/Azucena_INS_15.png
Azucena	1	5272517	DEL	242	intron	Os01g0197700|Gn1a	DEL_34	bio_align/validation_samples/azucena/Azucena_DEL_34.png
Azucena	1	17395140	INS	528	intron	Os01g0502400|.	INS_58	bio_align/validation_round2/azucena/Azucena_INS_58.png
Azucena	1	28040433	DEL	984	intron	Os01g0681000|.	DEL_100	bio_align/validation_samples/azucena/Azucena_DEL_100.png
Azucena	1	31454700	INS	259	intron	Os01g0750500|.	INS_113	bio_align/validation_samples/azucena/Azucena_INS_113.png
IR-64	1	14352629	INS	438	intron	Os01g0356400|OsABCC8	INS_144	bio_align/validation_samples/ir64/IR64_INS_144.png
IR-64	1	25259222	INS	222	intron	Os01g0631400|GPAT	INS_257	bio_align/validation_round2/ir64/IR64_INS_257.png
IR-64	1	33652592	INS	225	intron	Os01g0794500|.	INS_359	bio_align/validation_samples/ir64/IR64_INS_359.png
Azucena	1	2896755	INS	351	promoter	Os01g0153800|.	INS_21	bio_align/validation_samples/azucena/Azucena_INS_21.png
Azucena	1	4338962	DEL	224	promoter	Os01g0182600|GI	DEL_28	bio_align/validation_samples/azucena/Azucena_DEL_28.png
Azucena	1	13559461	DEL	337	promoter	Os01g0343200|.	DEL_53	bio_align/validation_samples/azucena/Azucena_DEL_53.png
Azucena	1	13839485	INS	1185	promoter	Os01g0347500|.	DUP_269	bio_align/validation_samples/azucena/Azucena_DUP_269.png
Azucena	1	22947993	INS	222	promoter	Os01g0588800|.	INS_62	bio_align/validation_samples/azucena/Azucena_INS_62.png
Azucena	1	23323160	DEL	328	promoter	ENSRNA049471602|Plant_SRP;Os01g0595201|.	INV_167	bio_align/validation_samples/azucena/Azucena_INV_167.png
Azucena	1	23332546	DEL	433	promoter	Os01g0595400|.	DEL_66	bio_align/validation_samples/azucena/Azucena_DEL_66.png
Azucena	1	23616843	INS	746	promoter	Os01g0601000|OsEnS-10	INS_70	bio_align/validation_round2/azucena/Azucena_INS_70.png
Azucena	1	25300031	DEL	80	promoter	Os01g0632100|.	DUP_379	bio_align/validation_round2/azucena/Azucena_DUP_379.png
Azucena	1	26248913	INS	234	promoter	Os01g0650200|OsGELP21	INS_92	bio_align/validation_samples/azucena/Azucena_INS_92.png
Azucena	1	29598249	DEL	541	promoter	Os01g0712500|.;Os01g0712501|.	DEL_105	bio_align/validation_round2/azucena/Azucena_DEL_105.png
Azucena	1	30896892	INS	102	promoter	Os01g0739700|.	INS_112	bio_align/validation_samples/azucena/Azucena_INS_112.png
Azucena	1	31627543	DEL	284	promoter	Os01g0753800|.	DEL_117	bio_align/validation_samples/azucena/Azucena_DEL_117.png
Azucena	1	32480596	DEL	281	promoter	Os01g0770000|.	DEL_126	bio_align/validation_samples/azucena/Azucena_DEL_126.png
Azucena	1	35429412	INS	15143	promoter	Os01g0828100|OsCCR6	INS_134	bio_align/validation_samples/azucena/Azucena_INS_134.png
IR-64	1	2572140	INS	369	promoter	Os01g0147400|.	INS_27	bio_align/validation_round2/ir64/IR64_INS_27.png
IR-64	1	2981367	INS	1225	promoter	Os01g0155500|OsCrRLK1L4	INS_34	bio_align/validation_samples/ir64/IR64_INS_34.png
IR-64	1	4448440	DEL	244	promoter	Os01g0184050|.	DEL_53	bio_align/validation_samples/ir64/IR64_DEL_53.png
IR-64	1	9761525	DEL	758	promoter	ENSRNA049471293|MIR159	DEL_94	bio_align/validation_samples/ir64/IR64_DEL_94.png
IR-64	1	10219867	DEL	975	promoter	Os01g0285300|OsMYB55/61	DEL_102	bio_align/validation_round2/ir64/IR64_DEL_102.png
IR-64	1	11911493	DEL	250	promoter	Os01g0315800|OsUXS2	DEL_120	bio_align/validation_samples/ir64/IR64_DEL_120.png
IR-64	1	18209644	DEL	6444	promoter	Os01g0514850|.	DUP_880	bio_align/validation_round3/ir64/IR64_DUP_880.png
IR-64	1	24789936	INS	207	promoter	Os01g0621600|.	INS_250	bio_align/validation_samples/ir64/IR64_INS_250.png
IR-64	1	29551075	DEL	234	promoter	Os01g0711200|.	DEL_311	bio_align/validation_samples/ir64/IR64_DEL_311.png
IR-64	1	40126468	INS	242	promoter	Os01g0919600|.	INS_423	bio_align/validation_samples/ir64/IR64_INS_423.png
IR-64	1	41250003	INS	295	promoter	Os01g0939700|B1150F11.18-1	INS_436	bio_align/validation_samples/ir64/IR64_INS_436.png
