chrom	pos	end	sv_id	type	size	overlap_class	genes
1	1040250	1040495	>25945>25948_2	DEL	245	intergenic	.
1	2231886	2233785	>53862>54092_1	DEL	1899	intergenic	.
1	2572140	2572140	>65408>65462_8	INS	369	promoter	Os01g0147400|.
1	2752345	2753278	>74111>74191_1	DEL	933	CDS(coding)	Os01g0150900|.
1	2981367	2981367	>85974>86047_1	INS	1225	promoter	Os01g0155500|OsCrRLK1L4
1	3815696	3815696	>112706>112708	INS	222	intergenic	.
1	4448440	4448684	>134079>134087_1	DEL	244	promoter	Os01g0184050|.
1	4654823	4655248	>140278>140286_5	DEL	425	intergenic	.
1	5997968	5998302	>174780>174782	DEL	334	intergenic	.
1	7233013	7233013	<211161<211159	INS	290	intergenic	.
1	8907631	8907631	>583144>583146	INS	367	intergenic	.
1	9761525	9762283	>558778>558781_2	DEL	758	promoter	ENSRNA049471293|MIR159
1	9895151	9895151	>554524>554526	INS	327	exon/UTR	Os01g0279400|OsZIFL2;Os01g0279500|.
1	10165945	10166251	>546272>546276_1	DEL	306	intergenic	.
1	10219867	10220842	>544403>544408_1	DEL	975	promoter	Os01g0285300|OsMYB55/61
1	10380647	10387439	>539517>539528_1	DEL	6792	intergenic	.
1	11532406	11532850	>513089>513091	DEL	444	intergenic	.
1	11911493	11911743	>500177>500179	DEL	250	promoter	Os01g0315800|OsUXS2
1	12179145	12200746	>393523>394648_20	DEL	21601	intergenic	.
1	13016719	13019926	>625534>625538_1	DEL	3207	intergenic	.
1	13837438	13837438	>493582>493589_2	INS	571	intergenic	.
1	14352629	14352629	>1116747>1116749	INS	438	intron	Os01g0356400|OsABCC8
1	16056227	16058055	>293160>293163_1	DEL	1828	exon/UTR	Os01g0383700|OsWD40-14
1	16307566	16311968	>302107>302123_1	DEL	4402	intergenic	.
1	18061366	18061366	>346057>346059	INS	5438	intergenic	.
1	18209644	18216088	>341777>341785_1	DEL	6444	promoter	Os01g0514850|.
1	19588987	19588987	>732993>732996_1	INS	4232	intergenic	.
1	19588988	19591748	>732993>732996_2	DEL	2760	intergenic	.
1	20513997	20516800	>448846>448852_2	DEL	2803	intergenic	.
1	20611257	20617728	>449407>449409	DEL	6471	intergenic	.
1	21238189	21238433	>460829>460834_1	DEL	244	intergenic	.
1	23502318	23508739	>650587>650589	DEL	6421	exon/UTR	Os01g0598200|OsCBL5
1	24423463	24424039	>689110>689112	DEL	576	intergenic	.
1	24789936	24789936	>705721>705732_1	INS	207	promoter	Os01g0621600|.
1	25259222	25259222	>723366>723368	INS	222	intron	Os01g0631400|GPAT
1	25576760	25576760	>731552>731554	INS	4874	intergenic	.
1	25679452	25679452	>736022>736024	INS	1441	intergenic	.
1	26330651	26330651	>744067>744069	INS	919	intergenic	.
1	28617764	28617764	>806381>806383	INS	237	intergenic	.
1	29268525	29268525	>823017>823019	INS	334	intergenic	.
1	29551075	29551309	>831503>831505	DEL	234	promoter	Os01g0711200|.
1	32683886	32683886	>977732>977734	INS	237	exon/UTR	Os01g0773350|.
1	32927690	32927984	>983800>983807_1	DEL	294	intergenic	.
1	33652592	33652592	>1004731>1004733	INS	225	intron	Os01g0794500|.
1	36962742	36962742	>1048416>1048418	INS	3376	intergenic	.
1	37860628	37863796	>1070487>1070499	INS	2832	CDS(coding)	Os01g0872900|.;Os01g0873000|.
1	37878216	37878836	>1070972>1071075_2	DEL	620	intergenic	.
1	37921005	37921969	>1071871>1071873	DEL	964	intergenic	.
1	38345513	38359041	>1083180>1083182_1	DEL	13528	intergenic	.
1	39323262	39328287	>1106416>1106424	DEL	3562	CDS(coding)	Os01g0903100|.
1	40126468	40126468	>1234662>1234664	INS	242	promoter	Os01g0919600|.
1	40853069	40858191	>1256364>1256375_1	DEL	5122	intergenic	.
1	41250003	41250003	>1266952>1266954	INS	295	promoter	Os01g0939700|B1150F11.18-1
